[{"card_ID":101,"card_Name":"你说呢1","card_Desc":"你说呢！你说呢！","energy_Take":1,"forceCondition_Id":2001,"force_Object":"player","san_Change":-3,"monster_Id":402,"exCard_ID":105,"png_Name":"card01"},{"card_ID":102,"card_Name":"你说呢2","card_Desc":"你说呢！你说呢！","energy_Take":2,"forceCondition_Id":2002,"force_Object":"enemy","san_Change":-2,"monster_Id":402,"exCard_ID":104,"png_Name":"card02"},{"card_ID":103,"card_Name":"你说呢3","card_Desc":"你说呢！你说呢！","energy_Take":1,"forceCondition_Id":2003,"force_Object":"player","san_Change":-1,"monster_Id":402,"exCard_ID":107,"png_Name":"card03"},{"card_ID":104,"card_Name":"你说呢4","card_Desc":"你说呢！你说呢！","energy_Take":2,"forceCondition_Id":0,"force_Object":"enemy","san_Change":0,"monster_Id":401,"exCard_ID":102,"png_Name":"card04"},{"card_ID":105,"card_Name":"你说呢5","card_Desc":"你说呢！你说呢！","energy_Take":1,"forceCondition_Id":0,"force_Object":"player","san_Change":1,"monster_Id":401,"exCard_ID":101,"png_Name":"card05"},{"card_ID":106,"card_Name":"你说呢6","card_Desc":"你说呢！你说呢！","energy_Take":2,"forceCondition_Id":2101,"force_Object":"enemy","san_Change":2,"monster_Id":401,"exCard_ID":103,"png_Name":"card06"},{"card_ID":107,"card_Name":"你说呢7","card_Desc":"你说呢！你说呢！","energy_Take":1,"forceCondition_Id":2102,"force_Object":"player","san_Change":3,"monster_Id":401,"exCard_ID":106,"png_Name":"card07"}]