[{"condition_ID":2001,"condition_Name":"停止行动两回合","condition_Sort":"deBuff","take_Rounds":1,"bool_Now":"TRUE","bool_EveryRound":"TRUE","energy_ChangeVal":0,"san_ChangeVal":0,"execute_Condition":"stop_Round","png_Name":"tingzhi","spine_Name":0},{"condition_ID":2002,"condition_Name":"效果减半两回合","condition_Sort":"deBuff","take_Rounds":1,"bool_Now":"TRUE","bool_EveryRound":"TRUE","energy_ChangeVal":0,"san_ChangeVal":0,"execute_Condition":"effect_Halved","png_Name":"xiajiantou","spine_Name":0},{"condition_ID":2003,"condition_Name":"三会合后崩溃","condition_Sort":"deBuff","take_Rounds":2,"bool_Now":"FALSE","bool_EveryRound":"FALSE","energy_ChangeVal":0,"san_ChangeVal":-101,"execute_Condition":0,"png_Name":"heikulou","spine_Name":0},{"condition_ID":2004,"condition_Name":"测试停止行动一回合1","condition_Sort":"deBuff","take_Rounds":0,"bool_Now":"TRUE","bool_EveryRound":"FALSE","energy_ChangeVal":0,"san_ChangeVal":0,"execute_Condition":"stop_Round","png_Name":"tingzhi","spine_Name":0},{"condition_ID":2005,"condition_Name":"测试停止行动一回合2","condition_Sort":"deBuff","take_Rounds":0,"bool_Now":"TRUE","bool_EveryRound":"TRUE","energy_ChangeVal":0,"san_ChangeVal":0,"execute_Condition":"stop_Round","png_Name":"tingzhi","spine_Name":0},{"condition_ID":2101,"condition_Name":"效果翻倍一回合","condition_Sort":"buff","take_Rounds":0,"bool_Now":"TRUE","bool_EveryRound":"FALSE","energy_ChangeVal":0,"san_ChangeVal":0,"execute_Condition":"doubling_Effect","png_Name":"shangjiantou","spine_Name":0},{"condition_ID":2102,"condition_Name":"每回合增加1体力 持续两回合","condition_Sort":"buff","take_Rounds":1,"bool_Now":"TRUE","bool_EveryRound":"TRUE","energy_ChangeVal":1,"san_ChangeVal":0,"execute_Condition":0,"png_Name":"jirou","spine_Name":0},{"condition_ID":2103,"condition_Name":"每回合恢复10丧值 持续两回合","condition_Sort":"buff","take_Rounds":1,"bool_Now":"TRUE","bool_EveryRound":"TRUE","energy_ChangeVal":0,"san_ChangeVal":10,"execute_Condition":0,"png_Name":"hongxin","spine_Name":0}]