[
    {
        "monster_ID": 401,
        "monster_Name": "焦虑",
        "init_RoundNum": 3,
        "monsterskillid_Array": [
            5101,
            5102,
            5101
        ],
        "start_Order": 1,
        "spineAnime_Name": "mayi01"
    },
    {
        "monster_ID": 402,
        "monster_Name": "抑郁",
        "init_RoundNum": 6,
        "monsterskillid_Array": [
            5101,
            5103,
            5001,
            5002,
            5004
        ],
        "start_Order": 2,
        "spineAnime_Name": "mayi01"
    },
    {
        "monster_ID": 403,
        "monster_Name": "焦虑",
        "init_RoundNum": 3,
        "monsterskillid_Array": [
            5101,
            5102,
            5101
        ],
        "start_Order": 3,
        "spineAnime_Name": "mayi01"
    },
    {
        "monster_ID": 404,
        "monster_Name": "焦虑",
        "init_RoundNum": 3,
        "monsterskillid_Array": [
            5101,
            5102,
            5101
        ],
        "start_Order": 4,
        "spineAnime_Name": "mayi01"
    },
    {
        "monster_ID": 405,
        "monster_Name": "焦虑",
        "init_RoundNum": 3,
        "monsterskillid_Array": [
            5101,
            5102,
            5101
        ],
        "start_Order": 5,
        "spineAnime_Name": "mayi01"
    },
    {
        "monster_ID": 406,
        "monster_Name": "焦虑",
        "init_RoundNum": 3,
        "monsterskillid_Array": [
            5101,
            5102,
            5101
        ],
        "start_Order": 6,
        "spineAnime_Name": "mayi01"
    }
]