[{"monsterSkill_Id":5101,"monsterSkill_Name":"快结婚","forceCondition_Id":2004,"force_Object":"player","energy_Change":0,"san_Change":-10,"spineAnime_Name":"jineng1"},{"monsterSkill_Id":5102,"monsterSkill_Name":"工资多少","forceCondition_Id":0,"force_Object":"player","energy_Change":-1,"san_Change":-5,"spineAnime_Name":"jineng2"},{"monsterSkill_Id":5103,"monsterSkill_Name":"快生孩子","forceCondition_Id":2005,"force_Object":"player","energy_Change":0,"san_Change":-15,"spineAnime_Name":"jineng1"},{"monsterSkill_Id":5104,"monsterSkill_Name":"必须给亲戚孩子压岁钱","forceCondition_Id":0,"force_Object":"player","energy_Change":-3,"san_Change":-7,"spineAnime_Name":"jineng2"},{"monsterSkill_Id":5001,"monsterSkill_Name":"七大姑八大姨的翻倍加成","forceCondition_Id":2101,"force_Object":"enemy","energy_Change":0,"san_Change":0,"spineAnime_Name":"jineng1"}]